protocole,MAE,RMSE,R2,R2_naif
Test al?atoire,1.98678903732206,2.2789354728524485,0.7512924316984426,0.6394265570630473
Split temporel,1.978859675799112,2.2739787341596314,0.7506661313992669,0.6353405744998907
