formulation,n_classes,taux_classe_majoritaire,accuracy,bal_accuracy,F1_macro
binaire_mediane,2,0.531,0.8573266078184111,0.8563665997997361,0.8566510158497952
binaire_service10,2,0.603,0.8550819672131148,0.8478397343762956,0.848383634903464
terciles,3,0.387,0.712547288776797,0.697424203412042,0.6959943980581967
