modele,MAE_cv,RMSE_cv,R2_cv
HistGBR,1.983736511903699,2.276301876798134,0.7496762079113747
Ridge,1.986963425009978,2.278541271633986,0.7491832791226949
RandomForest,1.9849642585615908,2.2858609831426486,0.7475694991824982
