modele,MAE,RMSE,R2
HistGBR (optimisé),1.986411878783677,2.2778047495553633,0.7515391694228392
Baseline naïf (plan),2.2526481715006303,2.7440018272119917,0.6394265570630473
Baseline moyenne,3.8165953138995516,4.569699622396847,-5.798967805947797e-07
