variable,chute_R2
estimated_transit_days,1.4942645342242904
destination_city,1.0231019036588408e-05
supplier_name,3.812615089282545e-06
quantity,-2.6817521019184553e-06
ship_day_of_week,-6.0627955471126425e-06
ship_month,-8.7309703640015e-06
logistics_company,-9.347938737791494e-06
origin_city,-1.1905001620893251e-05
shipping_cost_ngn,-2.1124471199773786e-05
