{
  "model": "HistGBR",
  "test_R2": 0.7515391694228392,
  "test_MAE": 1.986411878783677,
  "naive_R2": 0.6394265570630473,
  "weather_gain": -9.251513672203782e-05,
  "delay_R2": 0.0008319505716443132,
  "classification_AUC": 0.5111655003122101,
  "temporal_R2": 0.7509663978881764,
  "temporal_MAE": 1.9785213649941449,
  "temporal_naive_R2": 0.6353405744998907,
  "risk_rule_base_rate": 0.6291424968474149,
  "risk_rule_auc": 0.5120056997810942,
  "risk_rule_pr_auc": 0.6459318158365398,
  "risk_rule_false_alarm_rate": 0.999999999999966,
  "scientific_conclusion": "Les donnees disponibles permettent surtout de recalibrer l'ETA, pas de discriminer finement les causes du retard.",
  "clf_duree_target": "binaire_mediane",
  "clf_duree_seuil_jours": 9.0,
  "clf_duree_best_model": "LogReg",
  "clf_duree_accuracy": 0.8573770491803279,
  "clf_duree_bal_accuracy": 0.8590594406989362,
  "clf_duree_f1_macro": 0.8572784805969044,
  "clf_duree_f1_pondere": 0.8575114694845936,
  "clf_duree_auc_roc": 0.9460351284177564,
  "clf_duree_pr_auc": 0.9423734260511252,
  "clf_duree_note": "AUC-ROC et PR-AUC > 0.90 (discrimination forte et legitime). Accuracy/F1 ~0.86 = plafond de Bayes (duree = promesse + bruit uniforme irreductible) ; depasser 0.90 exigerait un seuil desequilibre (artefact ecarte)."
}